/waterbury/                               /waterbury/small-business-web-design/               301
/colchester/                              /colchester/small-business-web-design/              301
/essex/                                   /essex/small-business-web-design/                   301
/montpelier/                              /montpelier/small-business-web-design/              301
/burlington/                              /burlington/small-business-web-design/              301
/service/                                 /web-design-service/                                301